<?xml version="1.0" encoding="UTF-8"?>
<beans xmlns="http://www.springframework.org/schema/beans"
	xmlns:xsi="http://www.w3.org/2001/XMLSchema-instance"
	xsi:schemaLocation="http://www.springframework.org/schema/beans http://www.springframework.org/schema/beans/spring-beans.xsd">
	
	<!-- Root Context: defines shared resources visible to all other web components -->
	<bean id="userValidator" class="com.yusuf.spring.controller.UserValidator"></bean>
	<bean id="categoryValidator" class="com.yusuf.spring.controller.CategoryValidator"></bean>
	<bean id="advertValidator" class="com.yusuf.spring.controller.AdvertValidator"></bean>
	<!-- <bean id="userDao" class="com.yusuf.spring.dao.UserDAO"></bean>-->
</beans>
